{
  "prepare_queue": {
    "installed": [],
    "uninstalled": []
  },
  "config_munge": {
    "files": {
      "res/xml/config.xml": {
        "parents": {
          "/*": [
            {
              "xml": "<feature name=\"Device\"><param name=\"android-package\" value=\"org.apache.cordova.device.Device\" /></feature>",
              "count": 1
            },
            {
              "xml": "<feature name=\"CordovaGoogleMaps\"><param name=\"android-package\" value=\"plugin.google.maps.CordovaGoogleMaps\" /><param name=\"onload\" value=\"true\" /><param name=\"onreset\" value=\"true\" /></feature>",
              "count": 1
            },
            {
              "xml": "<feature name=\"Map\"><param name=\"android-package\" value=\"plugin.google.maps.PluginMap\" /></feature>",
              "count": 1
            },
            {
              "xml": "<feature name=\"Polyline\"><param name=\"android-package\" value=\"plugin.google.maps.PluginPolyline\" /></feature>",
              "count": 1
            },
            {
              "xml": "<feature name=\"Polygon\"><param name=\"android-package\" value=\"plugin.google.maps.PluginPolygon\" /></feature>",
              "count": 1
            },
            {
              "xml": "<feature name=\"Marker\"><param name=\"android-package\" value=\"plugin.google.maps.PluginMarker\" /></feature>",
              "count": 1
            },
            {
              "xml": "<feature name=\"Circle\"><param name=\"android-package\" value=\"plugin.google.maps.PluginCircle\" /></feature>",
              "count": 1
            },
            {
              "xml": "<feature name=\"TileOverlay\"><param name=\"android-package\" value=\"plugin.google.maps.PluginTileOverlay\" /></feature>",
              "count": 1
            },
            {
              "xml": "<feature name=\"GroundOverlay\"><param name=\"android-package\" value=\"plugin.google.maps.PluginGroundOverlay\" /></feature>",
              "count": 1
            },
            {
              "xml": "<feature name=\"KmlOverlay\"><param name=\"android-package\" value=\"plugin.google.maps.PluginKmlOverlay\" /></feature>",
              "count": 1
            },
            {
              "xml": "<feature name=\"External\"><param name=\"android-package\" value=\"plugin.google.maps.External\" /></feature>",
              "count": 1
            },
            {
              "xml": "<feature name=\"Geocoder\"><param name=\"android-package\" value=\"plugin.google.maps.PluginGeocoder\" /></feature>",
              "count": 1
            },
            {
              "xml": "<feature name=\"Environment\"><param name=\"android-package\" value=\"plugin.google.maps.Environment\" /></feature>",
              "count": 1
            },
            {
              "xml": "<feature name=\"MarkerCluster\"><param name=\"android-package\" value=\"plugin.google.maps.PluginMarkerCluster\" /></feature>",
              "count": 1
            },
            {
              "xml": "<feature name=\"NativeStorage\"><param name=\"android-package\" value=\"NativeStorage\" /></feature>",
              "count": 1
            },
            {
              "xml": "<feature name=\"SplashScreen\"><param name=\"android-package\" value=\"org.apache.cordova.splashscreen.SplashScreen\" /><param name=\"onload\" value=\"true\" /></feature>",
              "count": 1
            },
            {
              "xml": "<feature name=\"StatusBar\"><param name=\"android-package\" value=\"org.apache.cordova.statusbar.StatusBar\" /><param name=\"onload\" value=\"true\" /></feature>",
              "count": 1
            },
            {
              "xml": "<feature name=\"Whitelist\"><param name=\"android-package\" value=\"org.apache.cordova.whitelist.WhitelistPlugin\" /><param name=\"onload\" value=\"true\" /></feature>",
              "count": 1
            },
            {
              "xml": "<feature name=\"Toast\"><param name=\"android-package\" value=\"nl.xservices.plugins.Toast\" /></feature>",
              "count": 1
            },
            {
              "xml": "<feature name=\"Keyboard\"><param name=\"android-package\" value=\"io.ionic.keyboard.IonicKeyboard\" /><param name=\"onload\" value=\"true\" /></feature>",
              "count": 1
            },
            {
              "xml": "<feature name=\"Geolocation\"><param name=\"android-package\" value=\"org.apache.cordova.geolocation.Geolocation\" /></feature>",
              "count": 1
            },
            {
              "xml": "<feature name=\"BackgroundGeolocation\"><param name=\"android-package\" value=\"com.tenforwardconsulting.cordova.BackgroundGeolocationPlugin\" /></feature>",
              "count": 1
            }
          ]
        }
      },
      "AndroidManifest.xml": {
        "parents": {
          "/manifest/application": [
            {
              "xml": "<meta-data android:name=\"com.google.android.geo.API_KEY\" android:value=\"AIzaSyCbCF71fXfmPZUR5ZMjkTyCG2EfR4IAEuU\" />",
              "count": 1
            },
            {
              "xml": "<meta-data android:name=\"com.google.android.gms.version\" android:value=\"@integer/google_play_services_version\" />",
              "count": 2
            },
            {
              "xml": "<service android:exported=\"true\" android:name=\"com.marianhello.bgloc.sync.SyncService\" android:process=\":sync\"><intent-filter><action android:name=\"android.content.SyncAdapter\" /></intent-filter><meta-data android:name=\"android.content.SyncAdapter\" android:resource=\"@xml/syncadapter\" /></service>",
              "count": 1
            },
            {
              "xml": "<service android:name=\"com.marianhello.bgloc.sync.AuthenticatorService\"><intent-filter><action android:name=\"android.accounts.AccountAuthenticator\" /></intent-filter><meta-data android:name=\"android.accounts.AccountAuthenticator\" android:resource=\"@xml/authenticator\" /></service>",
              "count": 1
            },
            {
              "xml": "<provider android:authorities=\"@string/content_authority\" android:exported=\"false\" android:name=\"com.marianhello.bgloc.sync.DummyContentProvider\" android:syncable=\"true\" />",
              "count": 1
            },
            {
              "xml": "<service android:enabled=\"true\" android:exported=\"false\" android:name=\"com.marianhello.bgloc.LocationService\" />",
              "count": 1
            },
            {
              "xml": "<receiver android:enabled=\"true\" android:exported=\"true\" android:name=\"com.marianhello.bgloc.BootCompletedReceiver\"><intent-filter><action android:name=\"android.intent.action.BOOT_COMPLETED\" /></intent-filter></receiver>",
              "count": 1
            }
          ],
          "/manifest": [
            {
              "xml": "<uses-permission android:name=\"android.permission.INTERNET\" />",
              "count": 2
            },
            {
              "xml": "<uses-permission android:name=\"android.permission.ACCESS_NETWORK_STATE\" />",
              "count": 2
            },
            {
              "xml": "<uses-permission android:name=\"android.permission.ACCESS_COARSE_LOCATION\" />",
              "count": 2
            },
            {
              "xml": "<uses-permission android:name=\"android.permission.ACCESS_FINE_LOCATION\" />",
              "count": 2
            },
            {
              "xml": "<uses-feature android:glEsVersion=\"0x00020000\" android:required=\"true\" />",
              "count": 1
            },
            {
              "xml": "<uses-feature android:name=\"android.hardware.location\" />",
              "count": 1
            },
            {
              "xml": "<uses-feature android:name=\"android.hardware.location.gps\" />",
              "count": 1
            },
            {
              "xml": "<uses-permission android:name=\"android.permission.AUTHENTICATE_ACCOUNTS\" />",
              "count": 1
            },
            {
              "xml": "<uses-permission android:name=\"android.permission.GET_ACCOUNTS\" />",
              "count": 1
            },
            {
              "xml": "<uses-permission android:name=\"android.permission.READ_SYNC_SETTINGS\" />",
              "count": 1
            },
            {
              "xml": "<uses-permission android:name=\"android.permission.WRITE_SYNC_SETTINGS\" />",
              "count": 1
            },
            {
              "xml": "<uses-permission android:name=\"android.permission.RECEIVE_BOOT_COMPLETED\" />",
              "count": 1
            },
            {
              "xml": "<uses-permission android:name=\"com.google.android.gms.permission.ACTIVITY_RECOGNITION\" />",
              "count": 1
            },
            {
              "xml": "<uses-permission android:name=\"android.permission.ACCESS_LOCATION_EXTRA_COMMANDS\" />",
              "count": 1
            },
            {
              "xml": "<uses-permission android:name=\"android.permission.WAKE_LOCK\" />",
              "count": 1
            },
            {
              "xml": "<uses-permission android:name=\"android.hardware.location\" />",
              "count": 1
            }
          ],
          "/*": [
            {
              "xml": "<uses-permission android:name=\"android.permission.ACCESS_COARSE_LOCATION\" />",
              "count": 1
            },
            {
              "xml": "<uses-permission android:name=\"android.permission.ACCESS_FINE_LOCATION\" />",
              "count": 1
            },
            {
              "xml": "<uses-feature android:name=\"android.hardware.location.gps\" />",
              "count": 1
            }
          ]
        }
      },
      "res/values/strings.xml": {
        "parents": {
          "/resources": [
            {
              "xml": "<string name=\"account_name\">@string/app_name</string>",
              "count": 1
            },
            {
              "xml": "<string name=\"account_type\">io.ionic.starter.account</string>",
              "count": 1
            },
            {
              "xml": "<string name=\"content_authority\">io.ionic.starter</string>",
              "count": 1
            }
          ]
        }
      },
      "res/xml/authenticator.xml": {
        "parents": {
          "/*": [
            {
              "xml": "<account-authenticator android:accountType=\"@string/account_type\" android:icon=\"@mipmap/icon\" android:label=\"@string/app_name\" android:smallIcon=\"@mipmap/icon\" xmlns:android=\"http://schemas.android.com/apk/res/android\" />",
              "count": 1,
              "mode": "overwrite",
              "plugin": "cordova-plugin-mauron85-background-geolocation",
              "oldAttrib": {
                "android:accountType": "@string/account_type",
                "android:icon": "@mipmap/icon",
                "android:label": "@string/app_name",
                "android:smallIcon": "@mipmap/icon",
                "xmlns:android": "http://schemas.android.com/apk/res/android"
              }
            }
          ]
        }
      },
      "res/xml/syncadapter.xml": {
        "parents": {
          "/*": [
            {
              "xml": "<sync-adapter android:accountType=\"@string/account_type\" android:allowParallelSyncs=\"false\" android:contentAuthority=\"@string/content_authority\" android:isAlwaysSyncable=\"true\" android:supportsUploading=\"true\" android:userVisible=\"false\" xmlns:android=\"http://schemas.android.com/apk/res/android\" />",
              "count": 1,
              "mode": "overwrite",
              "plugin": "cordova-plugin-mauron85-background-geolocation",
              "oldAttrib": {
                "android:accountType": "@string/account_type",
                "android:allowParallelSyncs": "false",
                "android:contentAuthority": "@string/content_authority",
                "android:isAlwaysSyncable": "true",
                "android:supportsUploading": "true",
                "android:userVisible": "false",
                "xmlns:android": "http://schemas.android.com/apk/res/android"
              }
            }
          ]
        }
      }
    }
  },
  "installed_plugins": {
    "cordova-plugin-device": {
      "PACKAGE_NAME": "io.ionic.starter"
    },
    "cordova-plugin-googlemaps": {
      "API_KEY_FOR_ANDROID": "AIzaSyCbCF71fXfmPZUR5ZMjkTyCG2EfR4IAEuU",
      "PACKAGE_NAME": "io.ionic.starter"
    },
    "cordova-plugin-nativestorage": {
      "PACKAGE_NAME": "io.ionic.starter"
    },
    "cordova-plugin-splashscreen": {
      "PACKAGE_NAME": "io.ionic.starter"
    },
    "cordova-plugin-statusbar": {
      "PACKAGE_NAME": "io.ionic.starter"
    },
    "cordova-plugin-whitelist": {
      "PACKAGE_NAME": "io.ionic.starter"
    },
    "cordova-plugin-x-toast": {
      "PACKAGE_NAME": "io.ionic.starter"
    },
    "ionic-plugin-keyboard": {
      "PACKAGE_NAME": "io.ionic.starter"
    },
    "cordova-plugin-geolocation": {
      "PACKAGE_NAME": "io.ionic.starter"
    },
    "cordova-plugin-mauron85-background-geolocation": {
      "GOOGLE_PLAY_SERVICES_VERSION": "11+",
      "ANDROID_SUPPORT_LIBRARY_VERSION": "23+",
      "ICON": "@mipmap/icon",
      "SMALL_ICON": "@mipmap/icon",
      "ACCOUNT_NAME": "@string/app_name",
      "ACCOUNT_LABEL": "@string/app_name",
      "ACCOUNT_TYPE": "$PACKAGE_NAME.account",
      "CONTENT_AUTHORITY": "$PACKAGE_NAME",
      "PACKAGE_NAME": "io.ionic.starter"
    }
  },
  "dependent_plugins": {},
  "modules": [
    {
      "id": "cordova-plugin-device.device",
      "file": "plugins/cordova-plugin-device/www/device.js",
      "pluginId": "cordova-plugin-device",
      "clobbers": [
        "device"
      ]
    },
    {
      "id": "cordova-plugin-googlemaps.BaseClass",
      "file": "plugins/cordova-plugin-googlemaps/www/BaseClass.js",
      "pluginId": "cordova-plugin-googlemaps",
      "runs": true
    },
    {
      "id": "cordova-plugin-googlemaps.BaseArrayClass",
      "file": "plugins/cordova-plugin-googlemaps/www/BaseArrayClass.js",
      "pluginId": "cordova-plugin-googlemaps",
      "runs": true
    },
    {
      "id": "cordova-plugin-googlemaps.LatLng",
      "file": "plugins/cordova-plugin-googlemaps/www/LatLng.js",
      "pluginId": "cordova-plugin-googlemaps",
      "runs": true
    },
    {
      "id": "cordova-plugin-googlemaps.LatLngBounds",
      "file": "plugins/cordova-plugin-googlemaps/www/LatLngBounds.js",
      "pluginId": "cordova-plugin-googlemaps",
      "runs": true
    },
    {
      "id": "cordova-plugin-googlemaps.VisibleRegion",
      "file": "plugins/cordova-plugin-googlemaps/www/VisibleRegion.js",
      "pluginId": "cordova-plugin-googlemaps",
      "runs": true
    },
    {
      "id": "cordova-plugin-googlemaps.Location",
      "file": "plugins/cordova-plugin-googlemaps/www/Location.js",
      "pluginId": "cordova-plugin-googlemaps",
      "runs": true
    },
    {
      "id": "cordova-plugin-googlemaps.CameraPosition",
      "file": "plugins/cordova-plugin-googlemaps/www/CameraPosition.js",
      "pluginId": "cordova-plugin-googlemaps",
      "runs": true
    },
    {
      "id": "cordova-plugin-googlemaps.Polyline",
      "file": "plugins/cordova-plugin-googlemaps/www/Polyline.js",
      "pluginId": "cordova-plugin-googlemaps",
      "runs": true
    },
    {
      "id": "cordova-plugin-googlemaps.Polygon",
      "file": "plugins/cordova-plugin-googlemaps/www/Polygon.js",
      "pluginId": "cordova-plugin-googlemaps",
      "runs": true
    },
    {
      "id": "cordova-plugin-googlemaps.Marker",
      "file": "plugins/cordova-plugin-googlemaps/www/Marker.js",
      "pluginId": "cordova-plugin-googlemaps",
      "runs": true
    },
    {
      "id": "cordova-plugin-googlemaps.HtmlInfoWindow",
      "file": "plugins/cordova-plugin-googlemaps/www/HtmlInfoWindow.js",
      "pluginId": "cordova-plugin-googlemaps",
      "runs": true
    },
    {
      "id": "cordova-plugin-googlemaps.Circle",
      "file": "plugins/cordova-plugin-googlemaps/www/Circle.js",
      "pluginId": "cordova-plugin-googlemaps",
      "runs": true
    },
    {
      "id": "cordova-plugin-googlemaps.TileOverlay",
      "file": "plugins/cordova-plugin-googlemaps/www/TileOverlay.js",
      "pluginId": "cordova-plugin-googlemaps",
      "runs": true
    },
    {
      "id": "cordova-plugin-googlemaps.GroundOverlay",
      "file": "plugins/cordova-plugin-googlemaps/www/GroundOverlay.js",
      "pluginId": "cordova-plugin-googlemaps",
      "runs": true
    },
    {
      "id": "cordova-plugin-googlemaps.Common",
      "file": "plugins/cordova-plugin-googlemaps/www/Common.js",
      "pluginId": "cordova-plugin-googlemaps",
      "runs": true
    },
    {
      "id": "cordova-plugin-googlemaps.encoding",
      "file": "plugins/cordova-plugin-googlemaps/www/encoding.js",
      "pluginId": "cordova-plugin-googlemaps",
      "runs": true
    },
    {
      "id": "cordova-plugin-googlemaps.spherical",
      "file": "plugins/cordova-plugin-googlemaps/www/spherical.js",
      "pluginId": "cordova-plugin-googlemaps",
      "runs": true
    },
    {
      "id": "cordova-plugin-googlemaps.Geocoder",
      "file": "plugins/cordova-plugin-googlemaps/www/Geocoder.js",
      "pluginId": "cordova-plugin-googlemaps",
      "runs": true
    },
    {
      "id": "cordova-plugin-googlemaps.ExternalService",
      "file": "plugins/cordova-plugin-googlemaps/www/ExternalService.js",
      "pluginId": "cordova-plugin-googlemaps",
      "runs": true
    },
    {
      "id": "cordova-plugin-googlemaps.Map",
      "file": "plugins/cordova-plugin-googlemaps/www/Map.js",
      "pluginId": "cordova-plugin-googlemaps",
      "runs": true
    },
    {
      "id": "cordova-plugin-googlemaps.event",
      "file": "plugins/cordova-plugin-googlemaps/www/event.js",
      "pluginId": "cordova-plugin-googlemaps",
      "runs": true
    },
    {
      "id": "cordova-plugin-googlemaps.MapTypeId",
      "file": "plugins/cordova-plugin-googlemaps/www/MapTypeId.js",
      "pluginId": "cordova-plugin-googlemaps",
      "runs": true
    },
    {
      "id": "cordova-plugin-googlemaps.KmlOverlay",
      "file": "plugins/cordova-plugin-googlemaps/www/KmlOverlay.js",
      "pluginId": "cordova-plugin-googlemaps",
      "runs": true
    },
    {
      "id": "cordova-plugin-googlemaps.Environment",
      "file": "plugins/cordova-plugin-googlemaps/www/Environment.js",
      "pluginId": "cordova-plugin-googlemaps",
      "runs": true
    },
    {
      "id": "cordova-plugin-googlemaps.MarkerCluster",
      "file": "plugins/cordova-plugin-googlemaps/www/MarkerCluster.js",
      "pluginId": "cordova-plugin-googlemaps",
      "runs": true
    },
    {
      "id": "cordova-plugin-googlemaps.Cluster",
      "file": "plugins/cordova-plugin-googlemaps/www/Cluster.js",
      "pluginId": "cordova-plugin-googlemaps",
      "runs": true
    },
    {
      "id": "cordova-plugin-googlemaps.geomodel",
      "file": "plugins/cordova-plugin-googlemaps/www/geomodel.js",
      "pluginId": "cordova-plugin-googlemaps",
      "runs": true
    },
    {
      "id": "cordova-plugin-googlemaps.CordovaGoogleMaps",
      "file": "plugins/cordova-plugin-googlemaps/www/googlemaps-cdv-plugin.js",
      "pluginId": "cordova-plugin-googlemaps",
      "clobbers": [
        "plugin.google.maps"
      ]
    },
    {
      "id": "cordova-plugin-nativestorage.mainHandle",
      "file": "plugins/cordova-plugin-nativestorage/www/mainHandle.js",
      "pluginId": "cordova-plugin-nativestorage",
      "clobbers": [
        "NativeStorage"
      ]
    },
    {
      "id": "cordova-plugin-nativestorage.LocalStorageHandle",
      "file": "plugins/cordova-plugin-nativestorage/www/LocalStorageHandle.js",
      "pluginId": "cordova-plugin-nativestorage"
    },
    {
      "id": "cordova-plugin-nativestorage.NativeStorageError",
      "file": "plugins/cordova-plugin-nativestorage/www/NativeStorageError.js",
      "pluginId": "cordova-plugin-nativestorage"
    },
    {
      "id": "cordova-plugin-splashscreen.SplashScreen",
      "file": "plugins/cordova-plugin-splashscreen/www/splashscreen.js",
      "pluginId": "cordova-plugin-splashscreen",
      "clobbers": [
        "navigator.splashscreen"
      ]
    },
    {
      "id": "cordova-plugin-statusbar.statusbar",
      "file": "plugins/cordova-plugin-statusbar/www/statusbar.js",
      "pluginId": "cordova-plugin-statusbar",
      "clobbers": [
        "window.StatusBar"
      ]
    },
    {
      "id": "cordova-plugin-x-toast.Toast",
      "file": "plugins/cordova-plugin-x-toast/www/Toast.js",
      "pluginId": "cordova-plugin-x-toast",
      "clobbers": [
        "window.plugins.toast"
      ]
    },
    {
      "id": "cordova-plugin-x-toast.tests",
      "file": "plugins/cordova-plugin-x-toast/test/tests.js",
      "pluginId": "cordova-plugin-x-toast"
    },
    {
      "id": "ionic-plugin-keyboard.keyboard",
      "file": "plugins/ionic-plugin-keyboard/www/android/keyboard.js",
      "pluginId": "ionic-plugin-keyboard",
      "clobbers": [
        "cordova.plugins.Keyboard"
      ],
      "runs": true
    },
    {
      "id": "cordova-plugin-geolocation.geolocation",
      "file": "plugins/cordova-plugin-geolocation/www/android/geolocation.js",
      "pluginId": "cordova-plugin-geolocation",
      "clobbers": [
        "navigator.geolocation"
      ]
    },
    {
      "id": "cordova-plugin-geolocation.PositionError",
      "file": "plugins/cordova-plugin-geolocation/www/PositionError.js",
      "pluginId": "cordova-plugin-geolocation",
      "runs": true
    },
    {
      "id": "cordova-plugin-mauron85-background-geolocation.backgroundGeolocation",
      "file": "plugins/cordova-plugin-mauron85-background-geolocation/www/backgroundGeolocation.js",
      "pluginId": "cordova-plugin-mauron85-background-geolocation",
      "clobbers": [
        "backgroundGeolocation"
      ]
    }
  ],
  "plugin_metadata": {
    "cordova-plugin-device": "1.1.4",
    "cordova-plugin-googlemaps": "2.0.11",
    "cordova-plugin-nativestorage": "2.2.2",
    "cordova-plugin-splashscreen": "4.0.3",
    "cordova-plugin-statusbar": "2.2.2",
    "cordova-plugin-whitelist": "1.3.1",
    "cordova-plugin-x-toast": "2.6.0",
    "ionic-plugin-keyboard": "2.2.1",
    "cordova-plugin-geolocation": "2.4.3",
    "cordova-plugin-mauron85-background-geolocation": "2.3.5"
  }
}